SampleID,Pre-Oven Envelope (g),Dried Envelope (g),Dry:Wet Ratio
envelope1,1.8443,1.7559,0.9520685355
envelope2,1.8779,1.788,0.9521273763
envelope3,1.8501,1.7609,0.9517863899
envelope4,1.8515,1.7661,0.9538752363
envelope5,1.8396,1.7546,0.9537943031
envelope6,1.842,1.7538,0.9521172638